id,name,reference_class,reference_stage,leading_model,relative_fit_percent,status,comparison,verified_causes,proposed_improvements,gravity_experiment,uncertainty_experiment
LATE:R Sculptoris,R Sculptoris,Carbon-rich asymptotic giant branch,Carbon-rich asymptotic giant branch,Thermally pulsing asymptotic giant branch,100,match,Leading fit is consistent with the reference stage group; reference evidence may overlap.,The leading model is consistent with the available reference category. Shared evidence and limited model coverage prevent treating this as independent confirmation.,,,
11414438,Kepler Input Catalog 11414438,Red giant (broad catalog class),Core helium burning,Core helium burning,100,match,Provisional: Leading fit is consistent with the reference stage group; reference evidence may overlap. Untested solutions remain.,"At least one compatible model solution is outside the active calibration. Agreement is conditional, not full exclusion of the alternatives.",,,Provisional: Leading fit is consistent with the reference stage group; reference evidence may overlap. Untested solutions remain.
10549650,Kepler Input Catalog 10549650,Red giant (broad catalog class),Core helium burning,Core helium burning,100,match,Provisional: Leading fit is consistent with the reference stage group; reference evidence may overlap. Untested solutions remain.,"At least one compatible model solution is outside the active calibration. Agreement is conditional, not full exclusion of the alternatives.",,,Provisional: Leading fit is consistent with the reference stage group; reference evidence may overlap. Untested solutions remain.
4570120,Kepler Input Catalog 4570120,Red giant (broad catalog class),Core helium burning,Core helium burning,100,match,Provisional: Leading fit is consistent with the reference stage group; reference evidence may overlap. Untested solutions remain.,"At least one compatible model solution is outside the active calibration. Agreement is conditional, not full exclusion of the alternatives.",,,Provisional: Leading fit is consistent with the reference stage group; reference evidence may overlap. Untested solutions remain.
3647918,Kepler Input Catalog 3647918,Red giant (broad catalog class),Core helium burning,Core helium burning,100,match,Provisional: Leading fit is consistent with the reference stage group; reference evidence may overlap. Untested solutions remain.,"At least one compatible model solution is outside the active calibration. Agreement is conditional, not full exclusion of the alternatives.",,,Provisional: Leading fit is consistent with the reference stage group; reference evidence may overlap. Untested solutions remain.
2309469,Kepler Input Catalog 2309469,Red giant (broad catalog class),Core helium burning,Core helium burning,100,match,Provisional: Leading fit is consistent with the reference stage group; reference evidence may overlap. Untested solutions remain.,"At least one compatible model solution is outside the active calibration. Agreement is conditional, not full exclusion of the alternatives.",,,Provisional: Leading fit is consistent with the reference stage group; reference evidence may overlap. Untested solutions remain.
4930269,Kepler Input Catalog 4930269,Red giant (broad catalog class),Core helium burning,Core helium burning,100,match,Provisional: Leading fit is consistent with the reference stage group; reference evidence may overlap. Untested solutions remain.,"At least one compatible model solution is outside the active calibration. Agreement is conditional, not full exclusion of the alternatives.",,,Provisional: Leading fit is consistent with the reference stage group; reference evidence may overlap. Untested solutions remain.
6774769,Kepler Input Catalog 6774769,Red giant (broad catalog class),Core helium burning,Core helium burning,100,match,Provisional: Leading fit is consistent with the reference stage group; reference evidence may overlap. Untested solutions remain.,"At least one compatible model solution is outside the active calibration. Agreement is conditional, not full exclusion of the alternatives.",,,Provisional: Leading fit is consistent with the reference stage group; reference evidence may overlap. Untested solutions remain.
8957543,Kepler Input Catalog 8957543,Red giant (broad catalog class),Core helium burning,Core helium burning,100,match,Provisional: Leading fit is consistent with the reference stage group; reference evidence may overlap. Untested solutions remain.,"At least one compatible model solution is outside the active calibration. Agreement is conditional, not full exclusion of the alternatives.",,,Provisional: Leading fit is consistent with the reference stage group; reference evidence may overlap. Untested solutions remain.
9094309,Kepler Input Catalog 9094309,Red giant (broad catalog class),Core helium burning,Core helium burning,100,match,Provisional: Leading fit is consistent with the reference stage group; reference evidence may overlap. Untested solutions remain.,"At least one compatible model solution is outside the active calibration. Agreement is conditional, not full exclusion of the alternatives.",,,Provisional: Leading fit is consistent with the reference stage group; reference evidence may overlap. Untested solutions remain.
10793277,Kepler Input Catalog 10793277,Red giant (broad catalog class),Core helium burning,Core helium burning,100,match,Provisional: Leading fit is consistent with the reference stage group; reference evidence may overlap. Untested solutions remain.,"At least one compatible model solution is outside the active calibration. Agreement is conditional, not full exclusion of the alternatives.",,Leading fit disagrees with the reference stage group.,Provisional: Leading fit is consistent with the reference stage group; reference evidence may overlap. Untested solutions remain.
9270087,Kepler Input Catalog 9270087,Red giant (broad catalog class),Core helium burning,Core helium burning,100,match,Provisional: Leading fit is consistent with the reference stage group; reference evidence may overlap. Untested solutions remain.,"At least one compatible model solution is outside the active calibration. Agreement is conditional, not full exclusion of the alternatives.",,,Provisional: Leading fit is consistent with the reference stage group; reference evidence may overlap. Untested solutions remain.
6371141,Kepler Input Catalog 6371141,Red giant (broad catalog class),Core helium burning,Core helium burning,100,match,Provisional: Leading fit is consistent with the reference stage group; reference evidence may overlap. Untested solutions remain.,"At least one compatible model solution is outside the active calibration. Agreement is conditional, not full exclusion of the alternatives.",,,Provisional: Leading fit is consistent with the reference stage group; reference evidence may overlap. Untested solutions remain.
6508544,Kepler Input Catalog 6508544,Red giant (broad catalog class),Core helium burning,Core helium burning,100,match,Provisional: Leading fit is consistent with the reference stage group; reference evidence may overlap. Untested solutions remain.,"At least one compatible model solution is outside the active calibration. Agreement is conditional, not full exclusion of the alternatives.",,Leading fit disagrees with the reference stage group.,Provisional: Leading fit is consistent with the reference stage group; reference evidence may overlap. Untested solutions remain.
4862332,Kepler Input Catalog 4862332,Red giant (broad catalog class),Core helium burning,Core helium burning,100,match,Provisional: Leading fit is consistent with the reference stage group; reference evidence may overlap. Untested solutions remain.,"At least one compatible model solution is outside the active calibration. Agreement is conditional, not full exclusion of the alternatives.",,,Provisional: Leading fit is consistent with the reference stage group; reference evidence may overlap. Untested solutions remain.
6449576,Kepler Input Catalog 6449576,Red giant (broad catalog class),Core helium burning,Core helium burning,100,match,Provisional: Leading fit is consistent with the reference stage group; reference evidence may overlap. Untested solutions remain.,"At least one compatible model solution is outside the active calibration. Agreement is conditional, not full exclusion of the alternatives.",,,Provisional: Leading fit is consistent with the reference stage group; reference evidence may overlap. Untested solutions remain.
6956335,Kepler Input Catalog 6956335,Red giant (broad catalog class),Core helium burning,Core helium burning,100,match,Provisional: Leading fit is consistent with the reference stage group; reference evidence may overlap. Untested solutions remain.,"At least one compatible model solution is outside the active calibration. Agreement is conditional, not full exclusion of the alternatives.",,,Provisional: Leading fit is consistent with the reference stage group; reference evidence may overlap. Untested solutions remain.
4545532,Kepler Input Catalog 4545532,Red giant (broad catalog class),Core helium burning,Core helium burning,100,match,Provisional: Leading fit is consistent with the reference stage group; reference evidence may overlap. Untested solutions remain.,"At least one compatible model solution is outside the active calibration. Agreement is conditional, not full exclusion of the alternatives.",,,Provisional: Leading fit is consistent with the reference stage group; reference evidence may overlap. Untested solutions remain.
3860550,Kepler Input Catalog 3860550,Red giant (broad catalog class),Core helium burning,Core helium burning,100,match,Leading fit is consistent with the reference stage group; reference evidence may overlap.,The leading model is consistent with the available reference category. Shared evidence and limited model coverage prevent treating this as independent confirmation.,,,Provisional: Leading fit is consistent with the reference stage group; reference evidence may overlap. Untested solutions remain.
2016676,Kepler Input Catalog 2016676,Red giant (broad catalog class),Core helium burning,Core helium burning,100,match,Provisional: Leading fit is consistent with the reference stage group; reference evidence may overlap. Untested solutions remain.,"At least one compatible model solution is outside the active calibration. Agreement is conditional, not full exclusion of the alternatives.",,,Provisional: Leading fit is consistent with the reference stage group; reference evidence may overlap. Untested solutions remain.
7692850,Kepler Input Catalog 7692850,Red giant (broad catalog class),Core helium burning,Core helium burning,100,match,Provisional: Leading fit is consistent with the reference stage group; reference evidence may overlap. Untested solutions remain.,"At least one compatible model solution is outside the active calibration. Agreement is conditional, not full exclusion of the alternatives.",,Leading fit disagrees with the reference stage group.,Provisional: Leading fit is consistent with the reference stage group; reference evidence may overlap. Untested solutions remain.
7739916,Kepler Input Catalog 7739916,Red giant (broad catalog class),Core helium burning,Core helium burning,100,match,Provisional: Leading fit is consistent with the reference stage group; reference evidence may overlap. Untested solutions remain.,"At least one compatible model solution is outside the active calibration. Agreement is conditional, not full exclusion of the alternatives.",,,Provisional: Leading fit is consistent with the reference stage group; reference evidence may overlap. Untested solutions remain.
7532093,Kepler Input Catalog 7532093,Red giant (broad catalog class),Core helium burning,Core helium burning,100,match,Provisional: Leading fit is consistent with the reference stage group; reference evidence may overlap. Untested solutions remain.,"At least one compatible model solution is outside the active calibration. Agreement is conditional, not full exclusion of the alternatives.",,,Provisional: Leading fit is consistent with the reference stage group; reference evidence may overlap. Untested solutions remain.
7301518,Kepler Input Catalog 7301518,Red giant (broad catalog class),Core helium burning,Core helium burning,100,match,Provisional: Leading fit is consistent with the reference stage group; reference evidence may overlap. Untested solutions remain.,"At least one compatible model solution is outside the active calibration. Agreement is conditional, not full exclusion of the alternatives.",,,Provisional: Leading fit is consistent with the reference stage group; reference evidence may overlap. Untested solutions remain.
11135286,Kepler Input Catalog 11135286,Red giant (broad catalog class),Core helium burning,Core helium burning,100,match,Provisional: Leading fit is consistent with the reference stage group; reference evidence may overlap. Untested solutions remain.,"At least one compatible model solution is outside the active calibration. Agreement is conditional, not full exclusion of the alternatives.",,,Provisional: Leading fit is consistent with the reference stage group; reference evidence may overlap. Untested solutions remain.
2996738,Kepler Input Catalog 2996738,Red giant (broad catalog class),Hydrogen-shell / asymptotic-giant group,Post-main sequence / red giant branch,100,match,Provisional: Leading fit is consistent with the reference stage group; reference evidence may overlap. Untested solutions remain.,"At least one compatible model solution is outside the active calibration. Agreement is conditional, not full exclusion of the alternatives.",,,Provisional: Leading fit is consistent with the reference stage group; reference evidence may overlap. Untested solutions remain.
3338252,Kepler Input Catalog 3338252,Red giant (broad catalog class),Hydrogen-shell / asymptotic-giant group,Post-main sequence / red giant branch,100,match,Provisional: Leading fit is consistent with the reference stage group; reference evidence may overlap. Untested solutions remain.,"At least one compatible model solution is outside the active calibration. Agreement is conditional, not full exclusion of the alternatives.",,,Provisional: Leading fit is consistent with the reference stage group; reference evidence may overlap. Untested solutions remain.
11554718,Kepler Input Catalog 11554718,Red giant (broad catalog class),Hydrogen-shell / asymptotic-giant group,Post-main sequence / red giant branch,100,match,Provisional: Leading fit is consistent with the reference stage group; reference evidence may overlap. Untested solutions remain.,"At least one compatible model solution is outside the active calibration. Agreement is conditional, not full exclusion of the alternatives.",,,Provisional: Leading fit is consistent with the reference stage group; reference evidence may overlap. Untested solutions remain.
9286266,Kepler Input Catalog 9286266,Red giant (broad catalog class),Hydrogen-shell / asymptotic-giant group,Post-main sequence / red giant branch,100,match,Provisional: Leading fit is consistent with the reference stage group; reference evidence may overlap. Untested solutions remain.,"At least one compatible model solution is outside the active calibration. Agreement is conditional, not full exclusion of the alternatives.",,Leading fit disagrees with the reference stage group.,Provisional: Leading fit is consistent with the reference stage group; reference evidence may overlap. Untested solutions remain.
10722067,Kepler Input Catalog 10722067,Red giant (broad catalog class),Hydrogen-shell / asymptotic-giant group,Post-main sequence / red giant branch,100,match,Provisional: Leading fit is consistent with the reference stage group; reference evidence may overlap. Untested solutions remain.,"At least one compatible model solution is outside the active calibration. Agreement is conditional, not full exclusion of the alternatives.",,,Provisional: Leading fit is consistent with the reference stage group; reference evidence may overlap. Untested solutions remain.
5543573,Kepler Input Catalog 5543573,Red giant (broad catalog class),Hydrogen-shell / asymptotic-giant group,Post-main sequence / red giant branch,100,match,Provisional: Leading fit is consistent with the reference stage group; reference evidence may overlap. Untested solutions remain.,"At least one compatible model solution is outside the active calibration. Agreement is conditional, not full exclusion of the alternatives.",,,Provisional: Leading fit is consistent with the reference stage group; reference evidence may overlap. Untested solutions remain.
3937067,Kepler Input Catalog 3937067,Red giant (broad catalog class),Hydrogen-shell / asymptotic-giant group,Post-main sequence / red giant branch,100,match,Provisional: Leading fit is consistent with the reference stage group; reference evidence may overlap. Untested solutions remain.,"At least one compatible model solution is outside the active calibration. Agreement is conditional, not full exclusion of the alternatives.",,,Provisional: Leading fit is consistent with the reference stage group; reference evidence may overlap. Untested solutions remain.
4840662,Kepler Input Catalog 4840662,Red giant (broad catalog class),Hydrogen-shell / asymptotic-giant group,Pre-main sequence,100,mismatch,Leading fit disagrees with the reference stage group.,No catalog-compatible stage is returned at the exact stored temperature and luminosity. Diagnostic reweighting cannot select a stage missing from the candidate set. | The saved example enables temperature and luminosity only and leaves recorded seismic out of the fit.,"Test an uncertainty-aware temperature/luminosity likelihood and denser evolutionary-grid coverage, retaining covariance where available; never shift the recorded values to obtain agreement. | Evaluate all applicable recorded diagnostic sets; warn when a stored measurement cannot test the sole positional candidate. Avoid silently presenting position-only certainty.",,Provisional: Leading fit is consistent with the reference stage group; reference evidence may overlap. Untested solutions remain.
6590359,Kepler Input Catalog 6590359,Red giant (broad catalog class),Hydrogen-shell / asymptotic-giant group,Post-main sequence / red giant branch,100,match,Provisional: Leading fit is consistent with the reference stage group; reference evidence may overlap. Untested solutions remain.,"At least one compatible model solution is outside the active calibration. Agreement is conditional, not full exclusion of the alternatives.",,,Provisional: Leading fit is consistent with the reference stage group; reference evidence may overlap. Untested solutions remain.
9946213,Kepler Input Catalog 9946213,Red giant (broad catalog class),Hydrogen-shell / asymptotic-giant group,Post-main sequence / red giant branch,50,neutral,Unresolved: tied leading fits; no match forced.,"At least one compatible model solution is outside the active calibration. Agreement is conditional, not full exclusion of the alternatives. | Unresolved: tied leading fits; no match forced.",Obtain a validated diagnostic that separates the tied phases.,Leading fit disagrees with the reference stage group.,Unresolved: tied leading fits; no match forced.
7622649,Kepler Input Catalog 7622649,Red giant (broad catalog class),Hydrogen-shell / asymptotic-giant group,Post-main sequence / red giant branch,99.99999999999527,match,Provisional: Leading fit is consistent with the reference stage group; reference evidence may overlap. Untested solutions remain.,"At least one compatible model solution is outside the active calibration. Agreement is conditional, not full exclusion of the alternatives.",,,Provisional: Leading fit is consistent with the reference stage group; reference evidence may overlap. Untested solutions remain.
11805217,Kepler Input Catalog 11805217,Red giant (broad catalog class),Hydrogen-shell / asymptotic-giant group,Post-main sequence / red giant branch,99.99999999941811,match,Provisional: Leading fit is consistent with the reference stage group; reference evidence may overlap. Untested solutions remain.,"At least one compatible model solution is outside the active calibration. Agreement is conditional, not full exclusion of the alternatives.",,,Provisional: Leading fit is consistent with the reference stage group; reference evidence may overlap. Untested solutions remain.
2831815,Kepler Input Catalog 2831815,Red giant (broad catalog class),Hydrogen-shell / asymptotic-giant group,Post-main sequence / red giant branch,100,match,Provisional: Leading fit is consistent with the reference stage group; reference evidence may overlap. Untested solutions remain.,"At least one compatible model solution is outside the active calibration. Agreement is conditional, not full exclusion of the alternatives.",,,Provisional: Leading fit is consistent with the reference stage group; reference evidence may overlap. Untested solutions remain.
9075225,Kepler Input Catalog 9075225,Red giant (broad catalog class),Hydrogen-shell / asymptotic-giant group,Post-main sequence / red giant branch,99.95593061601518,match,Provisional: Leading fit is consistent with the reference stage group; reference evidence may overlap. Untested solutions remain.,"At least one compatible model solution is outside the active calibration. Agreement is conditional, not full exclusion of the alternatives.",,,Provisional: Leading fit is consistent with the reference stage group; reference evidence may overlap. Untested solutions remain.
12314595,Kepler Input Catalog 12314595,Red giant (broad catalog class),Hydrogen-shell / asymptotic-giant group,Post-main sequence / red giant branch,99.99999999989491,match,Provisional: Leading fit is consistent with the reference stage group; reference evidence may overlap. Untested solutions remain.,"At least one compatible model solution is outside the active calibration. Agreement is conditional, not full exclusion of the alternatives.",,,Provisional: Leading fit is consistent with the reference stage group; reference evidence may overlap. Untested solutions remain.
7337694,Kepler Input Catalog 7337694,Red giant (broad catalog class),Hydrogen-shell / asymptotic-giant group,Post-main sequence / red giant branch,100,match,Provisional: Leading fit is consistent with the reference stage group; reference evidence may overlap. Untested solutions remain.,"At least one compatible model solution is outside the active calibration. Agreement is conditional, not full exclusion of the alternatives.",,,Provisional: Leading fit is consistent with the reference stage group; reference evidence may overlap. Untested solutions remain.
2709230,Kepler Input Catalog 2709230,Red giant (broad catalog class),Hydrogen-shell / asymptotic-giant group,Post-main sequence / red giant branch,99.999482083313,match,Provisional: Leading fit is consistent with the reference stage group; reference evidence may overlap. Untested solutions remain.,"At least one compatible model solution is outside the active calibration. Agreement is conditional, not full exclusion of the alternatives.",,,Provisional: Leading fit is consistent with the reference stage group; reference evidence may overlap. Untested solutions remain.
8561202,Kepler Input Catalog 8561202,Red giant (broad catalog class),Hydrogen-shell / asymptotic-giant group,Post-main sequence / red giant branch,99.99997800647593,match,Provisional: Leading fit is consistent with the reference stage group; reference evidence may overlap. Untested solutions remain.,"At least one compatible model solution is outside the active calibration. Agreement is conditional, not full exclusion of the alternatives.",,Leading fit disagrees with the reference stage group.,Provisional: Leading fit is consistent with the reference stage group; reference evidence may overlap. Untested solutions remain.
5380775,Kepler Input Catalog 5380775,Red giant (broad catalog class),Hydrogen-shell / asymptotic-giant group,Post-main sequence / red giant branch,99.99926987108384,match,Provisional: Leading fit is consistent with the reference stage group; reference evidence may overlap. Untested solutions remain.,"At least one compatible model solution is outside the active calibration. Agreement is conditional, not full exclusion of the alternatives.",,,Provisional: Leading fit is consistent with the reference stage group; reference evidence may overlap. Untested solutions remain.
9529734,Kepler Input Catalog 9529734,Red giant (broad catalog class),Hydrogen-shell / asymptotic-giant group,Post-main sequence / red giant branch,100,match,Provisional: Leading fit is consistent with the reference stage group; reference evidence may overlap. Untested solutions remain.,"At least one compatible model solution is outside the active calibration. Agreement is conditional, not full exclusion of the alternatives.",,,Provisional: Leading fit is consistent with the reference stage group; reference evidence may overlap. Untested solutions remain.
6118479,Kepler Input Catalog 6118479,Red giant (broad catalog class),Hydrogen-shell / asymptotic-giant group,Post-main sequence / red giant branch,99.99999959901757,match,Provisional: Leading fit is consistent with the reference stage group; reference evidence may overlap. Untested solutions remain.,"At least one compatible model solution is outside the active calibration. Agreement is conditional, not full exclusion of the alternatives.",,Leading fit is consistent with the reference stage group; reference evidence may overlap.,Provisional: Leading fit is consistent with the reference stage group; reference evidence may overlap. Untested solutions remain.
8350645,Kepler Input Catalog 8350645,Red giant (broad catalog class),Hydrogen-shell / asymptotic-giant group,Post-main sequence / red giant branch,99.69968433789352,match,Provisional: Leading fit is consistent with the reference stage group; reference evidence may overlap. Untested solutions remain.,"At least one compatible model solution is outside the active calibration. Agreement is conditional, not full exclusion of the alternatives.",,,Provisional: Leading fit is consistent with the reference stage group; reference evidence may overlap. Untested solutions remain.
3449907,Kepler Input Catalog 3449907,Red giant (broad catalog class),Hydrogen-shell / asymptotic-giant group,Post-main sequence / red giant branch,99.9999476053597,match,Provisional: Leading fit is consistent with the reference stage group; reference evidence may overlap. Untested solutions remain.,"At least one compatible model solution is outside the active calibration. Agreement is conditional, not full exclusion of the alternatives.",,,Provisional: Leading fit is consistent with the reference stage group; reference evidence may overlap. Untested solutions remain.
4457331,Kepler Input Catalog 4457331,Red giant (broad catalog class),Hydrogen-shell / asymptotic-giant group,Post-main sequence / red giant branch,100,match,Provisional: Leading fit is consistent with the reference stage group; reference evidence may overlap. Untested solutions remain.,"At least one compatible model solution is outside the active calibration. Agreement is conditional, not full exclusion of the alternatives.",,,Provisional: Leading fit is consistent with the reference stage group; reference evidence may overlap. Untested solutions remain.
8019753,Kepler Input Catalog 8019753,Main sequence,,Main sequence,69.88757451130336,match,Provisional: Consistent at broad-class level; not an independent stage confirmation. Untested solutions remain.,"At least one compatible model solution is outside the active calibration. Agreement is conditional, not full exclusion of the alternatives.",,Consistent at broad-class level; not an independent stage confirmation.,Provisional: Consistent at broad-class level; not an independent stage confirmation. Untested solutions remain.
8683442,Kepler Input Catalog 8683442,Main sequence,,Main sequence,71.11450027537308,match,Provisional: Consistent at broad-class level; not an independent stage confirmation. Untested solutions remain.,"At least one compatible model solution is outside the active calibration. Agreement is conditional, not full exclusion of the alternatives.",,Consistent at broad-class level; not an independent stage confirmation.,Provisional: Consistent at broad-class level; not an independent stage confirmation. Untested solutions remain.
5876824,Kepler Input Catalog 5876824,Main sequence,,Pre-main sequence,51.397567164655726,mismatch,Provisional: Leading pre-main-sequence fit disagrees with the broad catalog classification. Untested solutions remain.,"Both young and main-sequence stages are scored. The best young-star lithium likelihood is higher at the current temperature and luminosity, despite the main-sequence reference. Lithium dispersion, profile selection over age/metallicity, and unpropagated input uncertainties prevent treating this as a decisive age identification. | At least one compatible model solution is outside the active calibration. Agreement is conditional, not full exclusion of the alternatives.",Fit consistent-temperature spectral data with uncertainty and parameter covariance; validate age/metallicity marginalization and independently justified population priors on held-out stars. Add an independent calibrated youth diagnostic where available.,Leading pre-main-sequence fit disagrees with the broad catalog classification.,Provisional: Consistent at broad-class level; not an independent stage confirmation. Untested solutions remain.
8552124,Kepler Input Catalog 8552124,Main sequence,,Main sequence,69.72653204849296,match,Provisional: Consistent at broad-class level; not an independent stage confirmation. Untested solutions remain.,"At least one compatible model solution is outside the active calibration. Agreement is conditional, not full exclusion of the alternatives.",,Consistent at broad-class level; not an independent stage confirmation.,Provisional: Consistent at broad-class level; not an independent stage confirmation. Untested solutions remain.
5171752,Kepler Input Catalog 5171752,Main sequence,,Main sequence,63.52868793772909,match,Provisional: Consistent at broad-class level; not an independent stage confirmation. Untested solutions remain.,"At least one compatible model solution is outside the active calibration. Agreement is conditional, not full exclusion of the alternatives.",,Consistent at broad-class level; not an independent stage confirmation.,Provisional: Consistent at broad-class level; not an independent stage confirmation. Untested solutions remain.
11098004,Kepler Input Catalog 11098004,Main sequence,,Main sequence,66.73749011572262,match,Provisional: Consistent at broad-class level; not an independent stage confirmation. Untested solutions remain.,"At least one compatible model solution is outside the active calibration. Agreement is conditional, not full exclusion of the alternatives.",,Leading pre-main-sequence fit disagrees with the broad catalog classification.,Provisional: Consistent at broad-class level; not an independent stage confirmation. Untested solutions remain.
4995418,Kepler Input Catalog 4995418,Main sequence,,Main sequence,63.33015202750678,match,Provisional: Consistent at broad-class level; not an independent stage confirmation. Untested solutions remain.,"At least one compatible model solution is outside the active calibration. Agreement is conditional, not full exclusion of the alternatives.",,Consistent at broad-class level; not an independent stage confirmation.,Provisional: Consistent at broad-class level; not an independent stage confirmation. Untested solutions remain.
5697225,Kepler Input Catalog 5697225,Main sequence,,Main sequence,67.98584970098665,match,Provisional: Consistent at broad-class level; not an independent stage confirmation. Untested solutions remain.,"At least one compatible model solution is outside the active calibration. Agreement is conditional, not full exclusion of the alternatives.",,Consistent at broad-class level; not an independent stage confirmation.,Provisional: Consistent at broad-class level; not an independent stage confirmation. Untested solutions remain.
9943581,Kepler Input Catalog 9943581,Main sequence,,Main sequence,60.19723129061421,match,Provisional: Consistent at broad-class level; not an independent stage confirmation. Untested solutions remain.,"At least one compatible model solution is outside the active calibration. Agreement is conditional, not full exclusion of the alternatives.",,Consistent at broad-class level; not an independent stage confirmation.,Provisional: Consistent at broad-class level; not an independent stage confirmation. Untested solutions remain.
9533168,Kepler Input Catalog 9533168,Main sequence,,Main sequence,53.13332800669605,match,Provisional: Consistent at broad-class level; not an independent stage confirmation. Untested solutions remain.,"At least one compatible model solution is outside the active calibration. Agreement is conditional, not full exclusion of the alternatives.",,Consistent at broad-class level; not an independent stage confirmation.,Provisional: Consistent at broad-class level; not an independent stage confirmation. Untested solutions remain.
9654342,Kepler Input Catalog 9654342,Main sequence,,Main sequence,58.75403467390278,match,Provisional: Consistent at broad-class level; not an independent stage confirmation. Untested solutions remain.,"At least one compatible model solution is outside the active calibration. Agreement is conditional, not full exclusion of the alternatives.",,Consistent at broad-class level; not an independent stage confirmation.,Provisional: Consistent at broad-class level; not an independent stage confirmation. Untested solutions remain.
8487271,Kepler Input Catalog 8487271,Main sequence,,Main sequence,68.33133623123445,match,Provisional: Consistent at broad-class level; not an independent stage confirmation. Untested solutions remain.,"At least one compatible model solution is outside the active calibration. Agreement is conditional, not full exclusion of the alternatives.",,Leading pre-main-sequence fit disagrees with the broad catalog classification.,Provisional: Consistent at broad-class level; not an independent stage confirmation. Untested solutions remain.
5083272,Kepler Input Catalog 5083272,Main sequence,,Main sequence,52.11061758087453,match,Provisional: Consistent at broad-class level; not an independent stage confirmation. Untested solutions remain.,"At least one compatible model solution is outside the active calibration. Agreement is conditional, not full exclusion of the alternatives.",,Consistent at broad-class level; not an independent stage confirmation.,Provisional: Consistent at broad-class level; not an independent stage confirmation. Untested solutions remain.
7105818,Kepler Input Catalog 7105818,Main sequence,,Main sequence,75.31345624502866,match,Provisional: Consistent at broad-class level; not an independent stage confirmation. Untested solutions remain.,"At least one compatible model solution is outside the active calibration. Agreement is conditional, not full exclusion of the alternatives.",,Leading pre-main-sequence fit disagrees with the broad catalog classification.,Provisional: Consistent at broad-class level; not an independent stage confirmation. Untested solutions remain.
8295509,Kepler Input Catalog 8295509,Main sequence,,Pre-main sequence,52.96845677499795,mismatch,Provisional: Leading pre-main-sequence fit disagrees with the broad catalog classification. Untested solutions remain.,"Both young and main-sequence stages are scored. The best young-star lithium likelihood is higher at the current temperature and luminosity, despite the main-sequence reference. Lithium dispersion, profile selection over age/metallicity, and unpropagated input uncertainties prevent treating this as a decisive age identification. | At least one compatible model solution is outside the active calibration. Agreement is conditional, not full exclusion of the alternatives.",Fit consistent-temperature spectral data with uncertainty and parameter covariance; validate age/metallicity marginalization and independently justified population priors on held-out stars. Add an independent calibrated youth diagnostic where available.,Leading pre-main-sequence fit disagrees with the broad catalog classification.,Provisional: Consistent at broad-class level; not an independent stage confirmation. Untested solutions remain.
7732770,Kepler Input Catalog 7732770,Main sequence,,Pre-main sequence,58.38728522823613,mismatch,Provisional: Leading pre-main-sequence fit disagrees with the broad catalog classification. Untested solutions remain.,"Both young and main-sequence stages are scored. The best young-star lithium likelihood is higher at the current temperature and luminosity, despite the main-sequence reference. Lithium dispersion, profile selection over age/metallicity, and unpropagated input uncertainties prevent treating this as a decisive age identification. | At least one compatible model solution is outside the active calibration. Agreement is conditional, not full exclusion of the alternatives.",Fit consistent-temperature spectral data with uncertainty and parameter covariance; validate age/metallicity marginalization and independently justified population priors on held-out stars. Add an independent calibrated youth diagnostic where available.,Consistent at broad-class level; not an independent stage confirmation.,Provisional: Leading pre-main-sequence fit disagrees with the broad catalog classification. Untested solutions remain.
5861082,Kepler Input Catalog 5861082,Main sequence,,Main sequence,71.84409476477552,match,Provisional: Consistent at broad-class level; not an independent stage confirmation. Untested solutions remain.,"At least one compatible model solution is outside the active calibration. Agreement is conditional, not full exclusion of the alternatives.",,Consistent at broad-class level; not an independent stage confirmation.,Provisional: Consistent at broad-class level; not an independent stage confirmation. Untested solutions remain.
8350630,Kepler Input Catalog 8350630,Main sequence,,Pre-main sequence,66.09459508164994,mismatch,Provisional: Leading pre-main-sequence fit disagrees with the broad catalog classification. Untested solutions remain.,"Both young and main-sequence stages are scored. The best young-star lithium likelihood is higher at the current temperature and luminosity, despite the main-sequence reference. Lithium dispersion, profile selection over age/metallicity, and unpropagated input uncertainties prevent treating this as a decisive age identification. | At least one compatible model solution is outside the active calibration. Agreement is conditional, not full exclusion of the alternatives.",Fit consistent-temperature spectral data with uncertainty and parameter covariance; validate age/metallicity marginalization and independently justified population priors on held-out stars. Add an independent calibrated youth diagnostic where available.,Consistent at broad-class level; not an independent stage confirmation.,Provisional: Leading pre-main-sequence fit disagrees with the broad catalog classification. Untested solutions remain.
6272252,Kepler Input Catalog 6272252,Main sequence,,Main sequence,78.46914781077322,match,Provisional: Consistent at broad-class level; not an independent stage confirmation. Untested solutions remain.,"At least one compatible model solution is outside the active calibration. Agreement is conditional, not full exclusion of the alternatives.",,Consistent at broad-class level; not an independent stage confirmation.,Provisional: Consistent at broad-class level; not an independent stage confirmation. Untested solutions remain.
6436856,Kepler Input Catalog 6436856,Main sequence,,Main sequence,57.80421289124225,match,Provisional: Consistent at broad-class level; not an independent stage confirmation. Untested solutions remain.,"At least one compatible model solution is outside the active calibration. Agreement is conditional, not full exclusion of the alternatives.",,Consistent at broad-class level; not an independent stage confirmation.,Provisional: Consistent at broad-class level; not an independent stage confirmation. Untested solutions remain.
9761459,Kepler Input Catalog 9761459,Main sequence,,Main sequence,71.2502304921146,match,Provisional: Consistent at broad-class level; not an independent stage confirmation. Untested solutions remain.,"At least one compatible model solution is outside the active calibration. Agreement is conditional, not full exclusion of the alternatives.",,Consistent at broad-class level; not an independent stage confirmation.,Provisional: Consistent at broad-class level; not an independent stage confirmation. Untested solutions remain.
4814262,Kepler Input Catalog 4814262,Main sequence,,Pre-main sequence,63.12762611843485,mismatch,Provisional: Leading pre-main-sequence fit disagrees with the broad catalog classification. Untested solutions remain.,"Both young and main-sequence stages are scored. The best young-star lithium likelihood is higher at the current temperature and luminosity, despite the main-sequence reference. Lithium dispersion, profile selection over age/metallicity, and unpropagated input uncertainties prevent treating this as a decisive age identification. | At least one compatible model solution is outside the active calibration. Agreement is conditional, not full exclusion of the alternatives.",Fit consistent-temperature spectral data with uncertainty and parameter covariance; validate age/metallicity marginalization and independently justified population priors on held-out stars. Add an independent calibrated youth diagnostic where available.,Consistent at broad-class level; not an independent stage confirmation.,Provisional: Leading pre-main-sequence fit disagrees with the broad catalog classification. Untested solutions remain.
9887784,Kepler Input Catalog 9887784,Main sequence,,Main sequence,76.77675967216496,match,Provisional: Consistent at broad-class level; not an independent stage confirmation. Untested solutions remain.,"At least one compatible model solution is outside the active calibration. Agreement is conditional, not full exclusion of the alternatives.",,Consistent at broad-class level; not an independent stage confirmation.,Provisional: Consistent at broad-class level; not an independent stage confirmation. Untested solutions remain.
7120961,Kepler Input Catalog 7120961,Main sequence,,Main sequence,68.64850418981084,match,Provisional: Consistent at broad-class level; not an independent stage confirmation. Untested solutions remain.,"At least one compatible model solution is outside the active calibration. Agreement is conditional, not full exclusion of the alternatives.",,Consistent at broad-class level; not an independent stage confirmation.,Provisional: Consistent at broad-class level; not an independent stage confirmation. Untested solutions remain.
PENELLOPE:CVSO17,CVSO17,Pre-main sequence,Pre-main sequence (young-star survey),Pre-main sequence,100,match,Leading fit is consistent with the reference stage group; reference evidence may overlap.,The saved example enables temperature and luminosity only and leaves recorded lithium out of the fit.,Evaluate all applicable recorded diagnostic sets; warn when a stored measurement cannot test the sole positional candidate. Avoid silently presenting position-only certainty.,,
PENELLOPE:SO518,SO518,Pre-main sequence,Pre-main sequence (young-star survey),Pre-main sequence,100,match,Leading fit is consistent with the reference stage group; reference evidence may overlap.,The saved example enables temperature and luminosity only and leaves recorded lithium out of the fit.,Evaluate all applicable recorded diagnostic sets; warn when a stored measurement cannot test the sole positional candidate. Avoid silently presenting position-only certainty.,,
PENELLOPE:CVSO58,CVSO58,Pre-main sequence,Pre-main sequence (young-star survey),Pre-main sequence,100,match,Leading fit is consistent with the reference stage group; reference evidence may overlap.,The saved example enables temperature and luminosity only and leaves recorded lithium out of the fit.,Evaluate all applicable recorded diagnostic sets; warn when a stored measurement cannot test the sole positional candidate. Avoid silently presenting position-only certainty.,,
PENELLOPE:CVSO146,CVSO146,Pre-main sequence,Pre-main sequence (young-star survey),Pre-main sequence,100,match,Leading fit is consistent with the reference stage group; reference evidence may overlap.,The saved example enables temperature and luminosity only and leaves recorded lithium out of the fit.,Evaluate all applicable recorded diagnostic sets; warn when a stored measurement cannot test the sole positional candidate. Avoid silently presenting position-only certainty.,,
PENELLOPE:CVSO107,CVSO107,Pre-main sequence,Pre-main sequence (young-star survey),Pre-main sequence,100,match,Leading fit is consistent with the reference stage group; reference evidence may overlap.,The saved example enables temperature and luminosity only and leaves recorded lithium out of the fit.,Evaluate all applicable recorded diagnostic sets; warn when a stored measurement cannot test the sole positional candidate. Avoid silently presenting position-only certainty.,,
PENELLOPE:SO1153,SO1153,Pre-main sequence,Pre-main sequence (young-star survey),Pre-main sequence,100,match,Leading fit is consistent with the reference stage group; reference evidence may overlap.,The saved example enables temperature and luminosity only and leaves recorded lithium out of the fit.,Evaluate all applicable recorded diagnostic sets; warn when a stored measurement cannot test the sole positional candidate. Avoid silently presenting position-only certainty.,,
PENELLOPE:CVSO176,CVSO176,Pre-main sequence,Pre-main sequence (young-star survey),Pre-main sequence,100,match,Leading fit is consistent with the reference stage group; reference evidence may overlap.,The saved example enables temperature and luminosity only and leaves recorded lithium out of the fit.,Evaluate all applicable recorded diagnostic sets; warn when a stored measurement cannot test the sole positional candidate. Avoid silently presenting position-only certainty.,,
PENELLOPE:CVSO36,CVSO36,Pre-main sequence,Pre-main sequence (young-star survey),Pre-main sequence,100,match,Leading fit is consistent with the reference stage group; reference evidence may overlap.,The saved example enables temperature and luminosity only and leaves recorded lithium out of the fit.,Evaluate all applicable recorded diagnostic sets; warn when a stored measurement cannot test the sole positional candidate. Avoid silently presenting position-only certainty.,,
5976238,Kepler Input Catalog 5976238,Red giant (broad catalog class),,Core helium burning,100,match,Provisional: Consistent at broad-class level; not an independent stage confirmation. Untested solutions remain.,"At least one compatible model solution is outside the active calibration. Agreement is conditional, not full exclusion of the alternatives.",,,Provisional: Consistent at broad-class level; not an independent stage confirmation. Untested solutions remain.
6263410,Kepler Input Catalog 6263410,Red giant (broad catalog class),,Core helium burning,100,match,Provisional: Consistent at broad-class level; not an independent stage confirmation. Untested solutions remain.,"At least one compatible model solution is outside the active calibration. Agreement is conditional, not full exclusion of the alternatives.",,,Provisional: Consistent at broad-class level; not an independent stage confirmation. Untested solutions remain.
3963653,Kepler Input Catalog 3963653,Red giant (broad catalog class),,Core helium burning,100,match,Provisional: Consistent at broad-class level; not an independent stage confirmation. Untested solutions remain.,"At least one compatible model solution is outside the active calibration. Agreement is conditional, not full exclusion of the alternatives.",,,Provisional: Consistent at broad-class level; not an independent stage confirmation. Untested solutions remain.
6058403,Kepler Input Catalog 6058403,Red giant (broad catalog class),,Core helium burning,100,match,Provisional: Consistent at broad-class level; not an independent stage confirmation. Untested solutions remain.,"At least one compatible model solution is outside the active calibration. Agreement is conditional, not full exclusion of the alternatives.",,,Provisional: Consistent at broad-class level; not an independent stage confirmation. Untested solutions remain.
6276948,Kepler Input Catalog 6276948,Red giant (broad catalog class),,Core helium burning,100,match,Provisional: Consistent at broad-class level; not an independent stage confirmation. Untested solutions remain.,"At least one compatible model solution is outside the active calibration. Agreement is conditional, not full exclusion of the alternatives.",,Not directly comparable: the model combines subgiants and red-giant-branch stars.,Provisional: Consistent at broad-class level; not an independent stage confirmation. Untested solutions remain.
5184199,Kepler Input Catalog 5184199,Red giant (broad catalog class),,Core helium burning,100,match,Provisional: Consistent at broad-class level; not an independent stage confirmation. Untested solutions remain.,"At least one compatible model solution is outside the active calibration. Agreement is conditional, not full exclusion of the alternatives.",,Leading pre-main-sequence fit disagrees with the broad catalog classification.,Provisional: Consistent at broad-class level; not an independent stage confirmation. Untested solutions remain.
9471796,Kepler Input Catalog 9471796,Red giant (broad catalog class),,Core helium burning,100,match,Provisional: Consistent at broad-class level; not an independent stage confirmation. Untested solutions remain.,"At least one compatible model solution is outside the active calibration. Agreement is conditional, not full exclusion of the alternatives.",,Leading pre-main-sequence fit disagrees with the broad catalog classification.,Provisional: Consistent at broad-class level; not an independent stage confirmation. Untested solutions remain.
4902641,Kepler Input Catalog 4902641,Red giant (broad catalog class),,Core helium burning,100,match,Provisional: Consistent at broad-class level; not an independent stage confirmation. Untested solutions remain.,"At least one compatible model solution is outside the active calibration. Agreement is conditional, not full exclusion of the alternatives.",,Not directly comparable: the model combines subgiants and red-giant-branch stars.,Provisional: Consistent at broad-class level; not an independent stage confirmation. Untested solutions remain.
8022670,Kepler Input Catalog 8022670,Red giant (broad catalog class),,Pre-main sequence,100,mismatch,Leading pre-main-sequence fit disagrees with the broad catalog classification.,No catalog-compatible stage is returned at the exact stored temperature and luminosity. Diagnostic reweighting cannot select a stage missing from the candidate set. | The saved example enables temperature and luminosity only and leaves recorded lithium out of the fit.,"Test an uncertainty-aware temperature/luminosity likelihood and denser evolutionary-grid coverage, retaining covariance where available; never shift the recorded values to obtain agreement. | Evaluate all applicable recorded diagnostic sets; warn when a stored measurement cannot test the sole positional candidate. Avoid silently presenting position-only certainty.",Leading pre-main-sequence fit disagrees with the broad catalog classification.,Not testable: recorded measurements lack applicable calibration.
2988988,Kepler Input Catalog 2988988,Red giant (broad catalog class),,Core helium burning,100,match,Provisional: Consistent at broad-class level; not an independent stage confirmation. Untested solutions remain.,"At least one compatible model solution is outside the active calibration. Agreement is conditional, not full exclusion of the alternatives.",,,Provisional: Consistent at broad-class level; not an independent stage confirmation. Untested solutions remain.
2438368,Kepler Input Catalog 2438368,Red giant (broad catalog class),,Core helium burning,100,match,Provisional: Consistent at broad-class level; not an independent stage confirmation. Untested solutions remain.,"At least one compatible model solution is outside the active calibration. Agreement is conditional, not full exclusion of the alternatives.",,,Provisional: Consistent at broad-class level; not an independent stage confirmation. Untested solutions remain.
1575886,Kepler Input Catalog 1575886,Red giant (broad catalog class),,Core helium burning,100,match,Provisional: Consistent at broad-class level; not an independent stage confirmation. Untested solutions remain.,"At least one compatible model solution is outside the active calibration. Agreement is conditional, not full exclusion of the alternatives.",,,Provisional: Consistent at broad-class level; not an independent stage confirmation. Untested solutions remain.
6304081,Kepler Input Catalog 6304081,Red giant (broad catalog class),,Core helium burning,100,match,Provisional: Consistent at broad-class level; not an independent stage confirmation. Untested solutions remain.,"At least one compatible model solution is outside the active calibration. Agreement is conditional, not full exclusion of the alternatives.",,,Provisional: Consistent at broad-class level; not an independent stage confirmation. Untested solutions remain.
6851401,Kepler Input Catalog 6851401,Red giant (broad catalog class),,Core helium burning,99.99999998768685,match,Provisional: Consistent at broad-class level; not an independent stage confirmation. Untested solutions remain.,"At least one compatible model solution is outside the active calibration. Agreement is conditional, not full exclusion of the alternatives.",,Leading pre-main-sequence fit disagrees with the broad catalog classification.,Provisional: Consistent at broad-class level; not an independent stage confirmation. Untested solutions remain.
6620367,Kepler Input Catalog 6620367,Red giant (broad catalog class),,Core helium burning,100,match,Provisional: Consistent at broad-class level; not an independent stage confirmation. Untested solutions remain.,"At least one compatible model solution is outside the active calibration. Agreement is conditional, not full exclusion of the alternatives.",,,Provisional: Consistent at broad-class level; not an independent stage confirmation. Untested solutions remain.
2975717,Kepler Input Catalog 2975717,Red giant (broad catalog class),,Core helium burning,100,match,Consistent at broad-class level; not an independent stage confirmation.,The leading model is consistent with the available reference category. Shared evidence and limited model coverage prevent treating this as independent confirmation.,,,Provisional: Consistent at broad-class level; not an independent stage confirmation. Untested solutions remain.
6778122,Kepler Input Catalog 6778122,Red giant (broad catalog class),,Core helium burning,100,match,Provisional: Consistent at broad-class level; not an independent stage confirmation. Untested solutions remain.,"At least one compatible model solution is outside the active calibration. Agreement is conditional, not full exclusion of the alternatives.",,Consistent at broad-class level; not an independent stage confirmation.,Provisional: Consistent at broad-class level; not an independent stage confirmation. Untested solutions remain.
11072334,Kepler Input Catalog 11072334,Red giant (broad catalog class),,Core helium burning,100,match,Provisional: Consistent at broad-class level; not an independent stage confirmation. Untested solutions remain.,"At least one compatible model solution is outside the active calibration. Agreement is conditional, not full exclusion of the alternatives.",,,Provisional: Consistent at broad-class level; not an independent stage confirmation. Untested solutions remain.
1725190,Kepler Input Catalog 1725190,Red giant (broad catalog class),,Core helium burning,100,match,Provisional: Consistent at broad-class level; not an independent stage confirmation. Untested solutions remain.,"At least one compatible model solution is outside the active calibration. Agreement is conditional, not full exclusion of the alternatives.",,,Provisional: Consistent at broad-class level; not an independent stage confirmation. Untested solutions remain.
5300269,Kepler Input Catalog 5300269,Red giant (broad catalog class),,Core helium burning,100,match,Provisional: Consistent at broad-class level; not an independent stage confirmation. Untested solutions remain.,"At least one compatible model solution is outside the active calibration. Agreement is conditional, not full exclusion of the alternatives.",,,Provisional: Consistent at broad-class level; not an independent stage confirmation. Untested solutions remain.
10029821,Kepler Input Catalog 10029821,Red giant (broad catalog class),,Core helium burning,100,match,Provisional: Consistent at broad-class level; not an independent stage confirmation. Untested solutions remain.,"At least one compatible model solution is outside the active calibration. Agreement is conditional, not full exclusion of the alternatives.",,Leading pre-main-sequence fit disagrees with the broad catalog classification.,Provisional: Consistent at broad-class level; not an independent stage confirmation. Untested solutions remain.
3222680,Kepler Input Catalog 3222680,Red giant (broad catalog class),,Core helium burning,100,match,Provisional: Consistent at broad-class level; not an independent stage confirmation. Untested solutions remain.,"At least one compatible model solution is outside the active calibration. Agreement is conditional, not full exclusion of the alternatives.",,,Provisional: Consistent at broad-class level; not an independent stage confirmation. Untested solutions remain.
11302988,Kepler Input Catalog 11302988,Red giant (broad catalog class),,Core helium burning,100,match,Provisional: Consistent at broad-class level; not an independent stage confirmation. Untested solutions remain.,"At least one compatible model solution is outside the active calibration. Agreement is conditional, not full exclusion of the alternatives.",,,Provisional: Consistent at broad-class level; not an independent stage confirmation. Untested solutions remain.
8247851,Kepler Input Catalog 8247851,Red giant (broad catalog class),,Core helium burning,100,match,Provisional: Consistent at broad-class level; not an independent stage confirmation. Untested solutions remain.,"At least one compatible model solution is outside the active calibration. Agreement is conditional, not full exclusion of the alternatives.",,,Provisional: Consistent at broad-class level; not an independent stage confirmation. Untested solutions remain.
7022298,Kepler Input Catalog 7022298,Subgiant,,Main sequence,71.15433742317971,mismatch,Provisional: Disagrees with the broad catalog classification. Untested solutions remain.,"The catalog-compatible stage exists at the measured position but receives no score. Lithium is calibrated only for pre-main-sequence and main-sequence stars. The percentages normalize those tested stages, not all possible stages. | At least one compatible model solution is outside the active calibration. Agreement is conditional, not full exclusion of the alternatives.","Add a validated evolved-star diagnostic likelihood for the untested stage, with matched units and uncertainty. Until then, display this as an incomplete test rather than an exclusion of that stage.",Disagrees with the broad catalog classification.,Provisional: Disagrees with the broad catalog classification. Untested solutions remain.
7188873,Kepler Input Catalog 7188873,Subgiant,,Main sequence,77.65090005994345,mismatch,Provisional: Disagrees with the broad catalog classification. Untested solutions remain.,"The catalog-compatible stage exists at the measured position but receives no score. Lithium is calibrated only for pre-main-sequence and main-sequence stars. The percentages normalize those tested stages, not all possible stages. | At least one compatible model solution is outside the active calibration. Agreement is conditional, not full exclusion of the alternatives.","Add a validated evolved-star diagnostic likelihood for the untested stage, with matched units and uncertainty. Until then, display this as an incomplete test rather than an exclusion of that stage.",Leading pre-main-sequence fit disagrees with the broad catalog classification.,Provisional: Disagrees with the broad catalog classification. Untested solutions remain.
6605691,Kepler Input Catalog 6605691,Subgiant,,Main sequence,63.8315326850223,mismatch,Provisional: Disagrees with the broad catalog classification. Untested solutions remain.,"The catalog-compatible stage exists at the measured position but receives no score. Lithium is calibrated only for pre-main-sequence and main-sequence stars. The percentages normalize those tested stages, not all possible stages. | At least one compatible model solution is outside the active calibration. Agreement is conditional, not full exclusion of the alternatives.","Add a validated evolved-star diagnostic likelihood for the untested stage, with matched units and uncertainty. Until then, display this as an incomplete test rather than an exclusion of that stage.",Leading pre-main-sequence fit disagrees with the broad catalog classification.,Provisional: Disagrees with the broad catalog classification. Untested solutions remain.
5878001,Kepler Input Catalog 5878001,Subgiant,,Pre-main sequence,59.46922621829781,mismatch,Provisional: Leading pre-main-sequence fit disagrees with the broad catalog classification. Untested solutions remain.,"The catalog-compatible stage exists at the measured position but receives no score. Lithium is calibrated only for pre-main-sequence and main-sequence stars. The percentages normalize those tested stages, not all possible stages. | At least one compatible model solution is outside the active calibration. Agreement is conditional, not full exclusion of the alternatives.","Add a validated evolved-star diagnostic likelihood for the untested stage, with matched units and uncertainty. Until then, display this as an incomplete test rather than an exclusion of that stage.",Leading pre-main-sequence fit disagrees with the broad catalog classification.,Provisional: Leading pre-main-sequence fit disagrees with the broad catalog classification. Untested solutions remain.
8096156,Kepler Input Catalog 8096156,Subgiant,,Main sequence,81.96497904838576,mismatch,Provisional: Disagrees with the broad catalog classification. Untested solutions remain.,"The catalog-compatible stage exists at the measured position but receives no score. Lithium is calibrated only for pre-main-sequence and main-sequence stars. The percentages normalize those tested stages, not all possible stages. | At least one compatible model solution is outside the active calibration. Agreement is conditional, not full exclusion of the alternatives.","Add a validated evolved-star diagnostic likelihood for the untested stage, with matched units and uncertainty. Until then, display this as an incomplete test rather than an exclusion of that stage.",Disagrees with the broad catalog classification.,Provisional: Disagrees with the broad catalog classification. Untested solutions remain.
8367302,Kepler Input Catalog 8367302,Subgiant,,Main sequence,56.33396422917659,mismatch,Provisional: Disagrees with the broad catalog classification. Untested solutions remain.,"The catalog-compatible stage exists at the measured position but receives no score. Lithium is calibrated only for pre-main-sequence and main-sequence stars. The percentages normalize those tested stages, not all possible stages. | At least one compatible model solution is outside the active calibration. Agreement is conditional, not full exclusion of the alternatives.","Add a validated evolved-star diagnostic likelihood for the untested stage, with matched units and uncertainty. Until then, display this as an incomplete test rather than an exclusion of that stage.",Disagrees with the broad catalog classification.,Provisional: Disagrees with the broad catalog classification. Untested solutions remain.
4543734,Kepler Input Catalog 4543734,Subgiant,,Main sequence,82.6440793368768,mismatch,Provisional: Disagrees with the broad catalog classification. Untested solutions remain.,"The catalog-compatible stage exists at the measured position but receives no score. Lithium is calibrated only for pre-main-sequence and main-sequence stars. The percentages normalize those tested stages, not all possible stages. | At least one compatible model solution is outside the active calibration. Agreement is conditional, not full exclusion of the alternatives.","Add a validated evolved-star diagnostic likelihood for the untested stage, with matched units and uncertainty. Until then, display this as an incomplete test rather than an exclusion of that stage.",Leading pre-main-sequence fit disagrees with the broad catalog classification.,Provisional: Disagrees with the broad catalog classification. Untested solutions remain.
5430849,Kepler Input Catalog 5430849,Subgiant,,Main sequence,82.39123427655076,mismatch,Provisional: Disagrees with the broad catalog classification. Untested solutions remain.,"The catalog-compatible stage exists at the measured position but receives no score. Lithium is calibrated only for pre-main-sequence and main-sequence stars. The percentages normalize those tested stages, not all possible stages. | At least one compatible model solution is outside the active calibration. Agreement is conditional, not full exclusion of the alternatives.","Add a validated evolved-star diagnostic likelihood for the untested stage, with matched units and uncertainty. Until then, display this as an incomplete test rather than an exclusion of that stage.",Leading pre-main-sequence fit disagrees with the broad catalog classification.,Provisional: Disagrees with the broad catalog classification. Untested solutions remain.
6605673,Kepler Input Catalog 6605673,Subgiant,,Main sequence,78.2803771167922,mismatch,Provisional: Disagrees with the broad catalog classification. Untested solutions remain.,"The catalog-compatible stage exists at the measured position but receives no score. Lithium is calibrated only for pre-main-sequence and main-sequence stars. The percentages normalize those tested stages, not all possible stages. | At least one compatible model solution is outside the active calibration. Agreement is conditional, not full exclusion of the alternatives.","Add a validated evolved-star diagnostic likelihood for the untested stage, with matched units and uncertainty. Until then, display this as an incomplete test rather than an exclusion of that stage.",Disagrees with the broad catalog classification.,Provisional: Disagrees with the broad catalog classification. Untested solutions remain.
5953275,Kepler Input Catalog 5953275,Subgiant,,Main sequence,75.1357432329505,mismatch,Provisional: Disagrees with the broad catalog classification. Untested solutions remain.,"The catalog-compatible stage exists at the measured position but receives no score. Lithium is calibrated only for pre-main-sequence and main-sequence stars. The percentages normalize those tested stages, not all possible stages. | At least one compatible model solution is outside the active calibration. Agreement is conditional, not full exclusion of the alternatives.","Add a validated evolved-star diagnostic likelihood for the untested stage, with matched units and uncertainty. Until then, display this as an incomplete test rather than an exclusion of that stage.",Leading pre-main-sequence fit disagrees with the broad catalog classification.,Provisional: Disagrees with the broad catalog classification. Untested solutions remain.
7445809,Kepler Input Catalog 7445809,Subgiant,,Pre-main sequence,72.05923699010121,mismatch,Provisional: Leading pre-main-sequence fit disagrees with the broad catalog classification. Untested solutions remain.,"The catalog-compatible stage exists at the measured position but receives no score. Lithium is calibrated only for pre-main-sequence and main-sequence stars. The percentages normalize those tested stages, not all possible stages. | At least one compatible model solution is outside the active calibration. Agreement is conditional, not full exclusion of the alternatives.","Add a validated evolved-star diagnostic likelihood for the untested stage, with matched units and uncertainty. Until then, display this as an incomplete test rather than an exclusion of that stage.",Leading pre-main-sequence fit disagrees with the broad catalog classification.,Provisional: Leading pre-main-sequence fit disagrees with the broad catalog classification. Untested solutions remain.
8695721,Kepler Input Catalog 8695721,Subgiant,,Main sequence,69.7989952602087,mismatch,Provisional: Disagrees with the broad catalog classification. Untested solutions remain.,"The catalog-compatible stage exists at the measured position but receives no score. Lithium is calibrated only for pre-main-sequence and main-sequence stars. The percentages normalize those tested stages, not all possible stages. | At least one compatible model solution is outside the active calibration. Agreement is conditional, not full exclusion of the alternatives.","Add a validated evolved-star diagnostic likelihood for the untested stage, with matched units and uncertainty. Until then, display this as an incomplete test rather than an exclusion of that stage.",Leading pre-main-sequence fit disagrees with the broad catalog classification.,Provisional: Disagrees with the broad catalog classification. Untested solutions remain.
8540530,Kepler Input Catalog 8540530,Subgiant,,Main sequence,78.05429324509664,mismatch,Provisional: Disagrees with the broad catalog classification. Untested solutions remain.,"The catalog-compatible stage exists at the measured position but receives no score. Lithium is calibrated only for pre-main-sequence and main-sequence stars. The percentages normalize those tested stages, not all possible stages. | At least one compatible model solution is outside the active calibration. Agreement is conditional, not full exclusion of the alternatives.","Add a validated evolved-star diagnostic likelihood for the untested stage, with matched units and uncertainty. Until then, display this as an incomplete test rather than an exclusion of that stage.",Leading pre-main-sequence fit disagrees with the broad catalog classification.,Provisional: Disagrees with the broad catalog classification. Untested solutions remain.
6035466,Kepler Input Catalog 6035466,Subgiant,,Main sequence,64.05180872356789,mismatch,Provisional: Disagrees with the broad catalog classification. Untested solutions remain.,"The catalog-compatible stage exists at the measured position but receives no score. Lithium is calibrated only for pre-main-sequence and main-sequence stars. The percentages normalize those tested stages, not all possible stages. | At least one compatible model solution is outside the active calibration. Agreement is conditional, not full exclusion of the alternatives.","Add a validated evolved-star diagnostic likelihood for the untested stage, with matched units and uncertainty. Until then, display this as an incomplete test rather than an exclusion of that stage.",Leading pre-main-sequence fit disagrees with the broad catalog classification.,Provisional: Disagrees with the broad catalog classification. Untested solutions remain.
6521917,Kepler Input Catalog 6521917,Subgiant,,Pre-main sequence,97.31235612068474,mismatch,Provisional: Leading pre-main-sequence fit disagrees with the broad catalog classification. Untested solutions remain.,"The catalog-compatible stage exists at the measured position but receives no score. Lithium is calibrated only for pre-main-sequence and main-sequence stars. The percentages normalize those tested stages, not all possible stages. | At least one compatible model solution is outside the active calibration. Agreement is conditional, not full exclusion of the alternatives.","Add a validated evolved-star diagnostic likelihood for the untested stage, with matched units and uncertainty. Until then, display this as an incomplete test rather than an exclusion of that stage.",,Provisional: Leading pre-main-sequence fit disagrees with the broad catalog classification. Untested solutions remain.
10024897,Kepler Input Catalog 10024897,Subgiant,,Main sequence,78.37171305236902,mismatch,Provisional: Disagrees with the broad catalog classification. Untested solutions remain.,"The catalog-compatible stage exists at the measured position but receives no score. Lithium is calibrated only for pre-main-sequence and main-sequence stars. The percentages normalize those tested stages, not all possible stages. | At least one compatible model solution is outside the active calibration. Agreement is conditional, not full exclusion of the alternatives.","Add a validated evolved-star diagnostic likelihood for the untested stage, with matched units and uncertainty. Until then, display this as an incomplete test rather than an exclusion of that stage.",Leading pre-main-sequence fit disagrees with the broad catalog classification.,Provisional: Disagrees with the broad catalog classification. Untested solutions remain.
7202882,Kepler Input Catalog 7202882,Subgiant,,Main sequence,82.84842204161747,mismatch,Provisional: Disagrees with the broad catalog classification. Untested solutions remain.,"The catalog-compatible stage exists at the measured position but receives no score. Lithium is calibrated only for pre-main-sequence and main-sequence stars. The percentages normalize those tested stages, not all possible stages. | At least one compatible model solution is outside the active calibration. Agreement is conditional, not full exclusion of the alternatives.","Add a validated evolved-star diagnostic likelihood for the untested stage, with matched units and uncertainty. Until then, display this as an incomplete test rather than an exclusion of that stage.",Disagrees with the broad catalog classification.,Provisional: Disagrees with the broad catalog classification. Untested solutions remain.
9351601,Kepler Input Catalog 9351601,Subgiant,,Main sequence,78.31605471710488,mismatch,Provisional: Disagrees with the broad catalog classification. Untested solutions remain.,"The catalog-compatible stage exists at the measured position but receives no score. Lithium is calibrated only for pre-main-sequence and main-sequence stars. The percentages normalize those tested stages, not all possible stages. | At least one compatible model solution is outside the active calibration. Agreement is conditional, not full exclusion of the alternatives.","Add a validated evolved-star diagnostic likelihood for the untested stage, with matched units and uncertainty. Until then, display this as an incomplete test rather than an exclusion of that stage.",Disagrees with the broad catalog classification.,Provisional: Disagrees with the broad catalog classification. Untested solutions remain.
11253558,Kepler Input Catalog 11253558,Subgiant,,Main sequence,67.79927174960712,mismatch,Provisional: Disagrees with the broad catalog classification. Untested solutions remain.,"The catalog-compatible stage exists at the measured position but receives no score. Lithium is calibrated only for pre-main-sequence and main-sequence stars. The percentages normalize those tested stages, not all possible stages. | At least one compatible model solution is outside the active calibration. Agreement is conditional, not full exclusion of the alternatives.","Add a validated evolved-star diagnostic likelihood for the untested stage, with matched units and uncertainty. Until then, display this as an incomplete test rather than an exclusion of that stage.",Leading pre-main-sequence fit disagrees with the broad catalog classification.,Provisional: Disagrees with the broad catalog classification. Untested solutions remain.
8687088,Kepler Input Catalog 8687088,Subgiant,,Main sequence,80.36901670160503,mismatch,Provisional: Disagrees with the broad catalog classification. Untested solutions remain.,"The catalog-compatible stage exists at the measured position but receives no score. Lithium is calibrated only for pre-main-sequence and main-sequence stars. The percentages normalize those tested stages, not all possible stages. | At least one compatible model solution is outside the active calibration. Agreement is conditional, not full exclusion of the alternatives.","Add a validated evolved-star diagnostic likelihood for the untested stage, with matched units and uncertainty. Until then, display this as an incomplete test rather than an exclusion of that stage.",Disagrees with the broad catalog classification.,Provisional: Disagrees with the broad catalog classification. Untested solutions remain.
6934818,Kepler Input Catalog 6934818,Subgiant,,Main sequence,56.96121988963403,mismatch,Provisional: Disagrees with the broad catalog classification. Untested solutions remain.,"The catalog-compatible stage exists at the measured position but receives no score. Lithium is calibrated only for pre-main-sequence and main-sequence stars. The percentages normalize those tested stages, not all possible stages. | At least one compatible model solution is outside the active calibration. Agreement is conditional, not full exclusion of the alternatives.","Add a validated evolved-star diagnostic likelihood for the untested stage, with matched units and uncertainty. Until then, display this as an incomplete test rather than an exclusion of that stage.",Disagrees with the broad catalog classification.,Provisional: Disagrees with the broad catalog classification. Untested solutions remain.
11414369,Kepler Input Catalog 11414369,Subgiant,,Main sequence,63.527977170843776,mismatch,Provisional: Disagrees with the broad catalog classification. Untested solutions remain.,"The catalog-compatible stage exists at the measured position but receives no score. Lithium is calibrated only for pre-main-sequence and main-sequence stars. The percentages normalize those tested stages, not all possible stages. | At least one compatible model solution is outside the active calibration. Agreement is conditional, not full exclusion of the alternatives.","Add a validated evolved-star diagnostic likelihood for the untested stage, with matched units and uncertainty. Until then, display this as an incomplete test rather than an exclusion of that stage.",Disagrees with the broad catalog classification.,Provisional: Disagrees with the broad catalog classification. Untested solutions remain.
6268867,Kepler Input Catalog 6268867,Subgiant,,Main sequence,73.96030622485178,mismatch,Provisional: Disagrees with the broad catalog classification. Untested solutions remain.,"The catalog-compatible stage exists at the measured position but receives no score. Lithium is calibrated only for pre-main-sequence and main-sequence stars. The percentages normalize those tested stages, not all possible stages. | At least one compatible model solution is outside the active calibration. Agreement is conditional, not full exclusion of the alternatives.","Add a validated evolved-star diagnostic likelihood for the untested stage, with matched units and uncertainty. Until then, display this as an incomplete test rather than an exclusion of that stage.",Leading pre-main-sequence fit disagrees with the broad catalog classification.,Provisional: Disagrees with the broad catalog classification. Untested solutions remain.
6105540,Kepler Input Catalog 6105540,Subgiant,,Main sequence,70.70521600765727,mismatch,Provisional: Disagrees with the broad catalog classification. Untested solutions remain.,"The catalog-compatible stage exists at the measured position but receives no score. Lithium is calibrated only for pre-main-sequence and main-sequence stars. The percentages normalize those tested stages, not all possible stages. | At least one compatible model solution is outside the active calibration. Agreement is conditional, not full exclusion of the alternatives.","Add a validated evolved-star diagnostic likelihood for the untested stage, with matched units and uncertainty. Until then, display this as an incomplete test rather than an exclusion of that stage.",Leading pre-main-sequence fit disagrees with the broad catalog classification.,Provisional: Disagrees with the broad catalog classification. Untested solutions remain.
WD:40 Eridani B,40 Eridani B,White dwarf,White-dwarf cooling,White-dwarf cooling,100,match,Leading fit is consistent with the reference stage group; reference evidence may overlap.,The leading model is consistent with the available reference category. Shared evidence and limited model coverage prevent treating this as independent confirmation.,,,
WD:Stein 2051 B,Stein 2051 B,White dwarf,White-dwarf cooling,White-dwarf cooling,100,match,Leading fit is consistent with the reference stage group; reference evidence may overlap.,The leading model is consistent with the available reference category. Shared evidence and limited model coverage prevent treating this as independent confirmation.,,,
WD:Sirius B,Sirius B,White dwarf,White-dwarf cooling,White-dwarf cooling,100,match,Leading fit is consistent with the reference stage group; reference evidence may overlap.,The leading model is consistent with the available reference category. Shared evidence and limited model coverage prevent treating this as independent confirmation.,,,
WD:Procyon B,Procyon B,White dwarf,White-dwarf cooling,White-dwarf cooling,100,match,Leading fit is consistent with the reference stage group; reference evidence may overlap.,The leading model is consistent with the available reference category. Shared evidence and limited model coverage prevent treating this as independent confirmation.,,,
