KIC,label,prediction
5269165,2,2
8872046,1,1
9704774,2,2
6592034,1,1
4915774,1,1
9962982,1,1
10426854,2,2
6925109,1,1
2443903,1,1
4645422,2,2
9108412,2,2
8374394,1,1
4851882,2,2
5702180,2,2
11559187,1,1
2988079,2,2
5254812,1,1
6755830,2,2
8046212,1,1
6880915,2,2
5095464,2,2
7872519,2,2
2447604,2,2
7186744,1,1
8819552,1,1
12207840,1,1
7610244,2,2
10383668,2,2
3544390,2,2
6764685,1,1
5536129,2,2
5084777,1,1
7585506,2,2
6343222,1,1
8460684,2,2
12108732,2,2
7880096,2,2
9166222,2,2
8609926,2,2
9413793,2,2
5617324,1,1
11521078,2,2
9897634,2,2
5461921,1,1
5112491,2,2
9596867,2,2
10750867,2,2
9934955,1,1
6615922,2,2
5481206,2,2
6392210,1,1
7550056,2,2
3744681,2,2
11285650,1,1
5110270,2,2
7955078,1,1
11771561,1,1
5435995,2,2
10449998,2,2
10073905,2,2
4356456,1,1
5264769,2,2
9411927,2,2
5000089,1,1
7621561,1,1
10668065,1,1
10663785,1,1
6448098,2,2
5734889,2,2
7538896,2,2
7034957,2,2
4473653,1,1
8073887,1,1
10397623,1,1
11606451,1,1
5109052,1,1
4755118,2,2
10026767,2,2
10873579,2,2
2285827,1,1
5721762,2,2
1433803,1,1
6525661,2,2
8571469,2,2
3238859,2,2
6853977,1,1
4991732,1,1
9843754,2,2
2835657,1,1
11521644,2,2
3957684,2,2
6680023,1,1
8869611,1,1
10202184,1,1
12691122,2,2
11447450,1,1
6115916,2,2
8827646,2,2
5345094,1,1
11445818,2,2
7757166,2,2
9452696,2,2
7698688,1,1
7202003,2,2
3235216,2,2
8019322,1,1
6508300,2,2
8307791,1,1
5795583,2,2
3854607,1,1
5650945,1,1
9942071,2,2
8088198,2,2
8564559,2,2
9712824,1,1
8107831,2,2
4168909,1,1
11960195,1,1
8008319,2,2
11606356,2,2
11251622,1,1
9222194,2,2
6619177,2,2
5083936,2,2
5736877,2,2
9716522,2,2
2833772,1,1
11075908,2,2
9352513,2,2
12257026,2,2
3649673,2,2
3555292,2,2
5940068,1,1
9287916,2,2
7601720,2,2
11773657,2,2
5525753,2,2
6444746,2,2
11236508,2,2
10647243,2,2
6956335,2,2
6293605,2,2
3323401,2,2
6519747,2,2
9702841,2,2
6548666,2,2
9772056,2,2
3839294,1,1
10555813,2,2
7809050,1,1
10030919,1,1
3348134,2,2
4448636,2,2
11135055,2,2
8573239,2,2
6700889,2,2
6276898,2,2
3096636,1,1
3969841,2,2
11393852,2,2
9087870,2,2
3660554,2,2
11133969,2,2
7510604,2,2
9292208,1,1
11028575,2,2
7609378,2,2
7685260,2,2
9777536,2,2
6221641,2,2
10908442,2,2
9845354,2,2
12118044,2,2
5268576,1,1
12156874,1,1
4995956,2,2
9008270,2,2
3645006,2,2
10617209,2,2
2861042,2,2
11564024,1,1
3838075,2,2
10165693,2,2
10428163,1,1
2572667,2,2
8165471,2,2
10122250,1,1
11469401,2,2
10162795,2,2
11564092,2,2
8673261,1,1
6878041,2,2
4348513,1,1
9471396,2,2
9906841,2,2
5380775,1,1
8039796,2,2
4829636,2,2
4570120,2,2
4556465,2,2
9001643,2,2
6936990,2,2
5426137,1,1
6676597,1,1
5283798,2,2
6764026,1,1
10611263,1,1
8616844,2,2
4165711,1,1
3937022,1,1
5869538,1,1
6061867,1,1
7189418,1,1
5962817,2,2
3343630,1,1
9290491,2,2
7175826,1,1
10416970,2,2
4036300,2,2
8365018,2,2
7301518,2,2
7834159,2,2
10991398,2,2
7206531,2,2
7119934,2,2
8940241,2,2
9007080,2,2
11462046,2,2
9655361,2,2
11289990,2,2
2445712,2,2
12553381,1,1
5211724,1,1
3325420,2,2
9405269,2,2
5304555,2,2
5104182,2,2
1576646,1,1
9268703,2,2
11254587,2,2
5855568,2,2
9964436,1,1
2163597,2,2
11612171,2,2
4770846,2,2
7416430,2,2
6923677,2,2
10083480,2,2
10724735,2,2
7550955,1,1
10123207,1,1
7102068,1,1
6363090,2,2
11600604,1,1
6604495,2,2
8328390,1,1
5726892,2,2
8545861,2,2
6197448,2,2
7270355,2,2
4139805,2,2
2716376,2,2
7750902,2,2
9778288,2,2
10492011,2,2
10657932,2,2
11180493,1,1
3647918,2,2
10267570,2,2
7679049,2,2
9025216,2,2
11351140,2,2
5004232,2,2
10120721,1,1
5197249,2,2
7610274,1,1
4940916,2,2
12302516,2,2
9267654,1,1
10339303,1,1
11358231,1,1
9395227,2,2
9641772,2,2
9845795,2,2
7105049,2,2
11860771,2,2
4365609,2,2
10417559,2,2
8359529,1,1
10468528,2,2
10281513,2,2
8283356,1,1
9475697,1,1
9818513,2,2
7885455,2,2
9835790,2,2
4827430,2,2
11602793,1,1
9535481,2,2
6289573,2,2
7032312,1,1
5273239,2,2
5707311,2,2
9488333,2,2
7960136,2,2
4445711,2,2
12202062,2,2
6890433,2,2
10394570,2,2
10006097,1,1
11414438,2,2
4756681,2,2
11446151,2,2
10483530,2,2
12006471,2,2
9726669,1,1
3744954,2,2
3234703,2,2
8192892,1,1
3866548,2,2
10817031,1,1
7546098,1,1
4660577,2,2
5461610,2,2
1724879,2,2
1163453,2,2
4645474,1,1
8165444,2,2
11653073,2,2
12165692,1,1
3119526,2,2
6875474,1,1
3531436,1,1
4056014,2,2
6343543,2,2
12507577,1,1
3113811,2,2
10818765,1,1
7518143,1,1
7585523,2,2
9077844,2,2
5271626,2,2
2016676,2,2
6880287,2,2
9995535,2,2
9838510,2,2
3449224,2,2
7881275,2,2
5721975,2,2
7532125,2,2
9347111,1,1
6447817,2,2
9649940,2,2
5694017,1,1
12059823,1,1
7129219,2,2
8176259,1,1
10665852,2,2
9396650,2,2
6860096,2,2
2141436,1,1
11571931,2,2
7588209,2,2
5779754,2,2
5359478,2,2
8085998,2,2
2721170,2,2
6774769,2,2
9970830,2,2
7868468,1,1
9542075,2,2
6775098,1,1
4143460,2,2
10489877,2,2
9028967,2,2
11622144,2,2
11412190,2,2
5727534,2,2
5871273,2,2
6505025,2,2
9575645,2,2
6025641,1,1
2848618,2,2
7730752,2,2
9884818,2,2
9882316,1,1
6122562,2,2
3102929,2,2
9145952,2,2
6231237,2,2
4179984,2,2
11618522,2,2
11559478,2,2
8364578,2,2
3098179,1,1
3765758,1,1
2310129,2,2
9080445,2,2
6751420,1,1
5881162,2,2
4742301,2,2
5730384,2,2
8767392,2,2
8693018,2,2
11152894,2,2
8754017,2,2
7420223,2,2
9946213,1,1
10489340,2,2
4180903,2,2
11521155,2,2
9843513,2,2
10257635,1,1
7971070,2,2
12121032,2,2
11463560,2,2
7191026,1,1
7258771,1,1
10134740,2,2
9084281,1,1
3839551,2,2
6586554,2,2
8145590,2,2
10529640,2,2
11565903,1,1
9846977,2,2
5357329,2,2
9754133,1,1
4370521,2,2
10006797,2,2
8077790,1,1
9283664,2,2
4356390,2,2
11516163,1,1
4376346,2,2
10266723,2,2
6276957,2,2
6854095,2,2
7801167,2,2
9907009,2,2
8113429,2,2
10186053,2,2
11206075,2,2
4833419,1,1
3727412,2,2
11468340,2,2
9077501,2,2
10034623,2,2
11958976,1,1
10975126,2,2
5783115,2,2
6677430,2,2
5954815,1,1
6119774,1,1
11033420,1,1
3863402,2,2
11508336,2,2
5391118,1,1
5717058,2,2
8246635,2,2
3660976,2,2
10517360,1,1
6786075,1,1
9652704,1,1
6961680,2,2
5872509,2,2
2583884,2,2
8364550,2,2
10613112,2,2
6228590,1,1
11025518,2,2
11707798,2,2
9034557,2,2
10935753,2,2
10158201,2,2
7693359,2,2
5104153,2,2
4640537,2,2
3748941,2,2
7762794,1,1
10328946,2,2
11235816,2,2
11230895,2,2
9942816,2,2
8936339,2,2
8173581,1,1
6137774,2,2
3660866,2,2
7363339,2,2
9790384,2,2
11362947,2,2
9894199,1,1
12169910,2,2
8815517,1,1
12520008,2,2
11044315,2,2
10817660,2,2
7421582,2,2
8867239,1,1
5253782,2,2
9274288,2,2
7597230,2,2
6347518,1,1
4903283,2,2
7748979,2,2
9787129,2,2
6956481,2,2
11305448,2,2
4457891,2,2
4454505,1,1
6634762,2,2
3750794,2,2
6632882,2,2
10086465,2,2
10460225,1,1
4934133,1,1
8144802,1,1
9277385,2,2
5218105,2,2
5359518,2,2
5364580,2,2
4376913,1,1
12505707,1,1
9004818,1,1
5461605,2,2
4282310,1,1
7673018,2,2
9846877,2,2
4180064,1,1
9834288,2,2
10866415,1,1
5694547,2,2
8082494,2,2
8378014,2,2
11136578,1,1
3127825,2,2
5617000,2,2
6957157,2,2
6043234,2,2
9595924,1,1
5819994,2,2
10096113,2,2
10220795,2,2
3937067,1,1
2448679,2,2
10602374,2,2
8110538,2,2
6287650,2,2
11718486,1,1
7661720,2,2
4545532,2,2
11129191,1,1
5199978,1,1
5091385,2,2
5630622,2,2
8348568,2,2
3339762,2,2
9710979,2,2
6614588,2,2
5552283,1,1
4914234,2,2
11179902,1,1
7363357,2,2
5445796,2,2
10904520,1,1
6610354,2,2
11403129,2,2
4244973,2,2
3234396,2,2
10286995,1,1
7463281,2,2
7387808,1,1
5557807,2,2
6793808,1,1
3544887,2,2
7102446,2,2
7673993,2,2
10667545,1,1
7518077,2,2
5728401,2,2
11019125,2,2
5544582,2,2
11235008,2,2
8196889,2,2
5701821,2,2
7744204,2,2
6047033,2,2
8016118,2,2
8630006,2,2
4649012,2,2
11235672,2,2
11352756,2,2
6034166,1,1
7743539,2,2
8806387,1,1
8143094,2,2
5967279,2,2
4136374,2,2
3102479,2,2
6678428,2,2
7880417,1,1
10924652,1,1
10841636,2,2
12164669,1,1
9658958,2,2
8017898,1,1
6128774,2,2
12506290,2,2
8364093,2,2
2449518,2,2
10666682,1,1
9347020,2,2
8496042,2,2
6286502,2,2
8410529,2,2
9396363,2,2
3119555,1,1
7033942,2,2
10614461,2,2
10120707,2,2
9962917,1,1
6516242,2,2
3336731,2,2
11824817,1,1
11127586,1,1
9328682,2,2
7468893,1,1
8359169,2,2
10914063,2,2
10601155,2,2
6118479,1,1
11612135,1,1
2423737,2,2
8746834,1,1
9405867,1,1
9074792,1,1
8890410,2,2
5514689,1,1
9086187,1,1
9595840,2,2
3838336,2,2
5389263,1,1
5220357,1,1
4568173,2,2
5517442,2,2
1868101,2,2
5353178,2,2
8618510,2,2
5456602,2,2
6363338,2,2
2983428,2,2
5940587,1,1
7295725,1,1
1872842,2,2
10155286,2,2
11081838,2,2
1996415,1,1
10018973,2,2
8807777,1,1
6222355,2,2
9351186,2,2
4261757,2,2
6425652,2,2
9008090,2,2
6289002,1,1
8571171,2,2
7510539,1,1
5534910,2,2
11554718,1,1
9388523,1,1
8210306,1,1
6752140,1,1
6222408,1,1
10678049,1,1
7624334,1,1
9151578,2,2
6764679,2,2
4165506,2,2
8555599,1,1
8838230,1,1
7832684,2,2
5876943,1,1
5350163,1,1
9519190,2,2
11650219,2,2
6878398,2,2
5428360,1,1
5792500,2,2
11245225,2,2
5019587,1,1
8673221,2,2
10528917,1,1
10858675,1,1
8284510,2,2
3539429,1,1
5364445,2,2
8617401,2,2
7808227,2,2
11357931,2,2
2584997,1,1
6841793,1,1
10339089,2,2
10718820,2,2
7974679,2,2
8984044,2,2
10068556,1,1
8016650,1,1
10602372,1,1
9761521,2,2
6535400,1,1
8957543,2,2
4445549,1,1
8377200,2,2
2970396,2,2
12117138,2,2
4845694,2,2
5966386,2,2
10088999,1,1
12691734,2,2
3216334,1,1
4063998,2,2
10866694,2,2
6525150,2,2
5021425,2,2
12734579,2,2
8827853,1,1
8420770,2,2
7532626,2,2
9283918,2,2
3448427,1,1
12557207,1,1
8388399,2,2
11189077,2,2
7173776,2,2
11615944,2,2
5609515,2,2
10482750,2,2
5023953,2,2
6448436,2,2
4455880,2,2
6501869,2,2
10658641,1,1
9718024,2,2
6445497,2,2
7337694,1,1
10416262,2,2
11658986,1,1
5182688,2,2
8175438,2,2
5733975,2,2
9466054,2,2
8265098,2,2
7093705,2,2
7591481,2,2
6854391,2,2
11970987,2,2
4269252,2,2
5287551,2,2
11018922,2,2
4148624,2,2
6690067,2,2
8489832,2,2
5522071,1,1
3348124,2,2
10711484,2,2
6690139,1,1
2581394,2,2
7967516,2,2
9825039,2,2
8525293,2,2
1720425,2,2
8154541,2,2
7971877,2,2
3654420,2,2
5698093,1,1
4562939,2,2
6265768,1,1
3965887,2,2
9092209,1,1
9412682,2,2
3456449,2,2
3634720,2,2
2693967,2,2
5308081,2,2
9899410,2,2
8950187,2,2
10813626,1,1
2584478,1,1
2444691,2,2
10090400,2,2
10397849,1,1
8560280,1,1
5880056,1,1
11805792,2,2
3736289,2,2
5192063,2,2
10593078,1,1
9100444,2,2
8344592,1,1
11757076,2,2
3541897,2,2
8805663,2,2
7270385,1,1
2016706,2,2
2442559,2,2
11019954,2,2
7671562,2,2
10527889,2,2
6037811,2,2
2575024,2,2
11601378,2,2
10879853,2,2
6448010,2,2
6183311,2,2
2831815,1,1
10643913,2,2
11030582,2,2
7107419,1,1
7619946,1,1
6947706,1,1
4262239,1,1
10724041,2,2
10075553,2,2
11047056,2,2
6471060,2,2
3341327,2,2
6424157,1,1
8344513,2,2
5436082,2,2
6350696,1,1
6528942,2,2
8804886,2,2
8686904,1,1
8039063,1,1
8608750,1,1
8740476,2,2
10937597,2,2
9472076,1,1
10286378,2,2
5990753,2,2
5288332,2,2
7364706,2,2
9159375,2,2
9214827,2,2
11284760,2,2
8939889,2,2
9025029,2,2
6048066,2,2
10546305,2,2
4755372,1,1
10979634,2,2
7591451,1,1
7033225,1,1
11043882,2,2
10346117,2,2
11512096,2,2
9662723,1,1
7030947,1,1
4658637,2,2
2160161,2,2
12317182,2,2
11905840,1,1
5450937,1,1
5476729,2,2
5810333,2,2
9455071,2,2
10451397,2,2
2853631,2,2
6783335,2,2
10880958,2,2
8946471,2,2
7771045,1,1
3097183,1,1
9788834,2,2
3867987,2,2
8039416,2,2
4367337,1,1
10547418,2,2
9782746,2,2
3526995,2,2
4554044,2,2
6019590,1,1
4850665,2,2
1725796,2,2
7368754,2,2
8176427,2,2
9521461,2,2
5621372,2,2
6680386,2,2
9107518,2,2
6790573,2,2
9156571,2,2
12470457,2,2
10812837,2,2
1163621,2,2
11461608,2,2
6181933,2,2
10355672,2,2
6751562,1,1
5287706,2,2
7678547,2,2
6048862,2,2
10387999,1,1
8009339,2,2
9002805,2,2
4071104,2,2
7629559,1,1
5214012,2,2
9160995,2,2
8742229,1,1
4678118,1,1
7288301,2,2
9408590,2,2
11404899,2,2
5547077,2,2
9836566,1,1
6280636,1,1
5649027,2,2
5107383,2,2
7587099,2,2
11152312,2,2
9163153,1,1
10093930,2,2
3544063,2,2
6700113,2,2
8097926,2,2
5271191,2,2
11026184,2,2
4929301,2,2
7469543,2,2
7285830,2,2
9957288,2,2
5090864,2,2
10861311,1,1
6756579,2,2
6044054,1,1
10082581,2,2
8426672,1,1
3746005,1,1
9283750,2,2
1717994,2,2
5566037,2,2
4039306,2,2
10257419,1,1
5732418,2,2
9663257,1,1
9025447,2,2
6940048,2,2
7836711,1,1
10080974,2,2
8507397,2,2
7551643,2,2
3866008,2,2
10354110,2,2
3459347,2,2
11135286,2,2
12203243,1,1
7697146,2,2
5543573,1,1
7120637,2,2
6105925,2,2
9330758,2,2
3529456,2,2
10666932,2,2
7257175,1,1
5771621,1,1
10651578,2,2
6963897,2,2
3631821,2,2
8181700,2,2
8432800,1,1
10675935,2,2
4633909,2,2
11141028,2,2
8941202,2,2
7018515,1,1
12119770,2,2
3355015,2,2
10297567,2,2
8055930,2,2
5896480,2,2
3837488,1,1
7595365,2,2
7827177,2,2
9604524,2,2
11518610,2,2
4750825,1,1
5363562,2,2
8308639,1,1
8936104,2,2
6953533,2,2
10384255,2,2
5787509,2,2
7090867,1,1
10973397,1,1
11969372,2,2
6431857,2,2
7593905,2,2
8824264,2,2
7207127,1,1
7594865,2,2
7630302,1,1
8007217,2,2
5263537,2,2
5459287,2,2
10018239,2,2
5557808,2,2
4662939,2,2
11764544,2,2
5476034,2,2
12119979,2,2
8458519,2,2
5612549,2,2
7271514,2,2
7618547,2,2
8350645,1,1
