star,spectral_family,reference_feature_label,blend_center_4238_angstrom,blend_center_4262_angstrom,titanium_oxide_index,zirconium_oxide_index
SOri,M,technetium-rich,4238.22,4262.2516,0.714870044,0.311797
SCMi,M,technetium-rich,4238.207,4262.371,0.668719993,0.3038035505
YLyn,M,technetium-rich,4238.162,4262.2473,0.54708634,0.2920653
VMon,M,technetium-rich,4238.2428,4262.2322,0.667657296,0.35682944
STHer,M,technetium-rich,4238.0758,4262.3909,0.6106825,0.33855144
AACam,M,technetium-rich,4238.0883,4262.2418,0.47977,0.271871
TCas,M,technetium-rich,4238.1637,4262.2561,0.6670067322,0.2909958
RVir,M,technetium-rich,4238.0277,4262.279,0.5240924,0.1990222
OPHer,M,technetium-rich,4237.9615,4262.2335,0.48918,0.23708
RCas,M,technetium-rich,4238.0571,4262.286,0.676781,0.272658
RHya,M,technetium-rich,4238.2441,4262.3821,0.6802043962,0.299531197
SHer,M,technetium-rich,4238.2564,4262.3,0.593216168,0.329646022
RZHer,M,technetium-rich,4238.1,4262.328,0.5949279,0.25864207
TWPeg,M,technetium-poor,4238.3756,4262.0763,0.5555404086,0.2169212683
VBoo,M,technetium-poor,4238.369,4262.1028,0.5924136229,0.2319623962
ZUMa,M,technetium-poor,4238.4243,4262.1371,0.590753104,0.2075152091
XHer,M,technetium-poor,4238.3893,4262.096,0.5738139768,0.2124982031
TVPsc,M,technetium-poor,4238.3869,4262.1115,0.3959886777,0.1746332018
XOph,M,technetium-poor,4238.3544,4262.1604,0.5871635701,0.223200524
ZEri,M,technetium-poor,4238.394,4262.1302,0.506643005,0.203953049
RLeo,M,technetium-poor,4238.3409,4262.0984,0.639737209,0.275931776
TUCVn,M,technetium-poor,4238.3891,4262.1027,0.487236628,0.218111167
AFCyg,M,technetium-poor,4238.3866,4262.1452,0.5874166337,0.206739915
BS7442,M,technetium-poor,4238.3818,4262.1466,0.409696927,0.215404135
EUDel,M,technetium-poor,4238.3844,4262.1144,0.50885393,0.18021542
LQHer,M,technetium-poor,4238.3772,4262.0982,0.42598871,0.224889588
XYLyr,M,technetium-poor,4238.4029,4262.111,0.4828900073,0.210631281
RREri,M,technetium-poor,4238.3996,4262.1159,0.51543026,0.221337188
RVBoo,M,technetium-poor,4238.3112,4261.9938,0.5938085,0.231103
RCVn,M,technetium-poor,4238.4038,4261.9544,0.63933163,0.257284736
V1351Cyg,M,technetium-poor,4238.3792,4262.0988,0.51212324,0.22564523
NZGem,M,technetium-poor,4238.3881,4262.1104,0.33834036,0.1953084066
UVHer,M,technetium-poor,4238.3525,4262.0941,0.667122,0.26365063
VCas,M,technetium-poor,4238.404,4262.1225,0.6871382,0.324166
CSS89,S,technetium-rich,4238.1392,4262.2353,0.4139517,0.33961
CSS106,S,technetium-rich,4238.2355,4262.2005,0.2901092484,0.330798
CSS114,S,technetium-rich,4238.1025,4262.2298,0.326538,0.2515149
CSS151,S,technetium-rich,4238.057,4262.2246,0.323402021,0.36264388
CSS154,S,technetium-rich,4238.0606,4262.2299,0.46331246,0.320806398
CSS182,S,technetium-rich,4238.157,4262.2161,0.3448760985,0.4064166
CSS233,S,technetium-rich,4238.1131,4262.234,0.298353,0.2372964
CSS265,S,technetium-rich,4238.1485,4262.2383,0.480474339,0.31438045
CSS312,S,technetium-rich,4238.1013,4262.2244,0.2948841555,0.2455793
CSS413,S,technetium-rich,4238.1329,4262.2566,0.4616573391,0.39919538
CSS416,S,technetium-rich,4238.096,4262.2376,0.41202417,0.33085902
CSS454,S,technetium-rich,4238.1621,4262.2543,0.3755039,0.410036708
CSS489,S,technetium-rich,4238.1346,4262.205,0.29669416,0.347455
CSS597,S,technetium-rich,4238.1935,4262.2382,0.3181587,0.387404
CSS997,S,technetium-rich,4238.1915,4262.2314,0.39430309,0.455438
CSS1070,S,technetium-rich,4238.2366,4262.2847,0.0523934,0.5627953
ABCol,S,technetium-poor,4238.3872,4262.1033,0.21971574,0.2108056
BD-221742,S,technetium-poor,4238.3645,4262.0978,0.1685181,0.19268274
BD+69524,S,technetium-poor,4238.3798,4262.122,0.200153,0.213244
BD284592,S,technetium-poor,4238.3846,4262.0914,0.1622699,0.197612
FXCMa,S,technetium-poor,4238.3488,4262.0996,0.184302,0.211266
HD150922,S,technetium-poor,4238.3837,4262.1033,0.1771789,0.1589061
HD189581,S,technetium-poor,4238.3928,4262.1121,0.2436218,0.171593
HD191226,S,technetium-poor,4238.3808,4262.0995,0.2132848,0.21204734
HD191589,S,technetium-poor,4238.3802,4262.0923,0.1471063,0.1526027
HD215336,S,technetium-poor,4238.3789,4262.0893,0.22193465,0.17399364
HD233158,S,technetium-poor,4238.3718,4262.1345,0.225264,0.166739
HIP38217,S,technetium-poor,4238.3842,4262.1029,0.181021,0.2184628
V0530Lyr,S,technetium-poor,4238.3827,4262.0979,0.18430599,0.210907
V1135Tau,S,technetium-poor,4238.3909,4262.139,0.1672864,0.2072796
